ID,Control/Case,ethnicity,gender,BirthWeight,gad,gaw,p,Apgar,pHAU,ClassifEE,Smoker,Lactancy,Education,MaternalAge,AgeMRI_PMA,Brazelton__1_si_0_no,edad_del_ni�ï�¿�½�Ã��ï�¿�½�Â�±o_EG_Brazelton,Dias_adaptacion,cl_hab,cl_social,cl_orgest,cl_orgest_cod,cl_regest,cl_sna,cl_sna_cod,cl_social2,cl_atention,cl_reflejos,zcl_hab,zcl_social,zcl_orgest,zcl_regest,zcl_sna,zcl_social2,zcl_atention,habitq,socialq,orgeq,regeq,snaq,social2q,cl_atentionq,habitq5,socialq5,orgestq5,regestq5,snaq5,Brazelton1si0no,edaddelni�ï�¿�½�Ã��ï�¿�½�Â�±oEGBrazelton,Diasadaptacion,ESTAD.INICIAL,LUZ,SONAJERO,CAMPANILLA,PIE,VISUALANIM,VISAUDANI,VISUALINAN,VISAUDINA,AUDITANIM,AUDITINAN,ALERTA,TONO,MADUREZ,INCORPPRO,MOVDEFEN,ACTIVID,MAXIMAEXCIT,RAPIDREAC,IRRITAB,LABILIDEST,ABRAZO,CAPSERCON,CAPCONSOL,MANOBOCA,TEMBLORES,SOBRESAL,LABILPIEL,CALIDALER,ATENCION,AYUDEXAM,IRRITAGENE,VIGORRESIS,REGULAEST,EMOCEXAM,PRENs.PLANT.0NOPROVOCABLENORESPUESTA.1RESPUESTAD�ï�¿�½�Ã��ï�¿�½�Â�BI,BABINSK,CLONAQU�ï�¿�½�Ã��ï�¿�½�Â�,BUSQUEDA,SUCCI�ï�¿�½�Ã��ï�¿�½�Â�N,GLABELA,MOVPASPIER,MOVPASBRA,PRENPAL,ESCAL�ï�¿�½�Ã��ï�¿�½�Â�N,ENDEREZ,MARCHA,REPTACION,INCURVTRON,DESVTON,NISTAGMO,TONICOCUELL,MORO,Average
1,2,3,4,5,6,7,8,9,10,11,12,13,14,15,16,17,18,19,20,21,22,23,24,25,26,27,28,29,30,31,32,33,34,35,36,37,38,39,40,41,42,43,44,45,46,47,48,49,50,51,52,53,54,55,56,57,58,59,60,61,62,63,64,65,66,67,68,69,70,71,72,73,74,75,76,77,78,79,80,81,82,83,84,85,86,87,88,89,90,91,92,93,94,95,96,97,98,99,100,101,102,103,104,
11,0,0,0,0,0,0,0,0,0,0,0,0,0,0,0,0,42.6,20,7,5.57,5,4.25,4.25,2,7,5.5,4.67,0,0.16,0.14,0.54,-1,0.41,-0.36,-0.85,0,0,0,1,0,0,0,0,0,0,0,0,1,42.6,20,0,0,0,0,7,5,5,4,6,7,6,6,5,5,6,5,5,8,5,4,3,6,5,5,1,1,2,3,4,4,6,5,4,5,7,2,2,2,2,2,2,2,2,2,2,1,2,1,2,2,2,1,1,3.4221176471
15,1,0,0,2140,273,39,0.07,10,7.26,1,0,3,4,26,40.43,1,39,13,0,5,3.75,5,5.75,1.5,9,4.67,5.67,1.94,0,-0.42,1.5,0.06,1.62,-0.77,-0.3,0,0,0,0,0,0,0,0,0,0,0,0,1,39,13,0,0,0,0,0,3,3,3,5,7,7,7,5,7,2,7,7,6,4,3,2,7,5,5,6,1,2,0,5,5,5,5,4,4,4,2,2,2,2,2,2,2,2,2,2,2,1,2,2,2,2,99,2,4.2937647059
35,0,0,0,1420,202,28.86,83.83,8,0,0,1,3,3,36,43,0,0,0,6.5,3.86,3.25,4.5,4,2.67,8,4,3.67,0,-0.28,-1.53,0.86,-1.18,1.01,-1.11,-1.41,0,1,0,1,0,1,1,0,0,0,0,0,1,43.4,106,0,7,6,5,8,1,2,5,3,6,7,3,7,5,6,6,4,6,2,3,2,5,5,5,1,1,2,5,4,4,5,7,4,7,4,2,2,2,2,2,2,2,1,2,2,0,0,1,1,1,0,2,1,4.3436470588
55,0,0,1,1370,212,30.29,23.2,9,7.36,0,0,1,2,28,43.1,0,0,0,4,6.29,5,4.25,5.75,4.67,5.67,6.17,7,0,-2.45,0.83,0.54,0.06,-0.4,-0.02,0.44,1,0,0,0,0,0,0,1,0,0,0,0,1,41.3,78,2,0,4,4,0,4,4,6,7,8,8,7,6,8,6,7,7,6,8,3,3,6,8,5,4,6,2,6,7,7,6,7,7,7,8,2,2,2,2,2,2,2,2,2,2,2,2,2,2,1,1,0,2,4.66
70,1,0,0,0,0,0,0,0,0,0,0,0,0,0,0,0,0,0,7,5.57,3.5,4.75,4.25,1.5,9,5.5,5,0,0.16,0.14,1.18,-1,1.62,-0.36,-0.67,0,0,0,1,0,0,0,0,0,0,0,0,1,42.5,38,1,0,8,0,6,4,5,4,6,7,7,6,5,7,7,5,6,5,4,3,2,6,5,5,1,1,2,0,5,4,5,5,5,6,8,2,2,2,2,2,2,2,2,2,2,2,2,2,2,2,0,1,2,3.7487058824
74,0,1,1,3040,275,39.29,30.83,10,7.23,0,0,1,4,36,47.57,1,41.6,18,0,3,1.5,1.5,2,3.33,7,3,3.33,1.39,0,-2.36,-2.99,-2.6,0.41,-1.61,-1.59,0,1,1,1,0,1,1,0,1,1,1,0,1,41.6,18,3,0,0,0,0,2,3,1,3,5,4,3,2,6,1,2,2,3,1,1,1,3,0,0,1,1,3,6,2,5,5,9,4,5,0,2,2,0,2,2,2,2,1,2,2,2,0,0,2,1,1,0,2,2.3048235294
82,2,1,0,880,240,34.29,0,10,0,1,0,1,4,35,48.43,1,48.3,93,0,7.71,4.5,4.75,4.75,3,6,7.67,7.67,1.67,0,2.22,1.18,-0.65,-0.2,0.73,0.81,0,0,0,0,0,0,0,0,0,0,0,0,1,48.3,93,0,0,0,0,0,7,8,7,8,8,8,8,8,3,8,8,7,6,7,3,2,4,8,6,1,1,5,3,8,7,7,8,7,8,8,2,2,0,2,1,2,3,3,3,2,1,2,2,3,0,0,0,2,4.8365882353
87,0,0,1,2932,253,36.14,85.31,10,7.36,0,0,2,2,36,42.71,1,41.5,41,0,3,5,4.25,6.25,1.5,9,3,3.67,1.56,0,-2.36,0.54,0.42,1.62,-1.61,-1.41,0,1,0,0,0,1,1,0,1,0,0,0,1,41.5,41,4,0,0,0,0,1,1,1,3,6,6,3,6,5,7,6,6,7,7,3,3,7,8,1,9,1,2,0,3,5,6,8,5,7,0,2,2,0,2,2,2,2,2,2,1,2,2,2,2,0,0,1,2,3.3756470588
911,0,0,0,0,0,0,0,0,0,0,0,0,0,0,0,0,0,0,0,0,0,0,0,0,0,0,0,0,0,0,0,0,0,0,0,0,0,0,0,0,0,0,0,0,0,0,0,0,0,0,0,0,0,0,0,0,0,0,0,0,0,0,0,0,0,0,0,0,0,0,0,0,0,0,0,0,0,0,0,0,0,0,0,0,0,0,0,0,0,0,0,0,0,0,0,0,0,0,0,0,0,0,0,0
91,0,0,1,1205,202,28.86,36.26,10,0,0,0,2,2,44,42.7,0,0,0,4.33,4.43,4,4.75,4.25,4.33,6.33,4.5,4,0,-2.16,-0.97,1.18,-1,0,-0.86,-1.22,1,0,0,1,0,0,1,1,0,0,0,0,1,41.3,91,5,0,4,5,4,4,4,3,4,6,6,4,6,4,4,6,5,6,4,3,3,6,5,5,1,6,2,5,4,4,3,8,4,5,4,2,2,0,2,2,2,1,0,2,2,2,1,2,2,1,0,1,1,4.1198823529
97,1,0,1,2700,281,40.14,3.42,10,7.27,1,0,3,1,27,41.86,1,42.1,20,4,8,4.25,4.25,3.25,2.67,8,8,8,1.94,-2.45,2.5,0.54,-1.71,1.01,0.9,0.99,1,0,0,1,0,0,0,1,0,0,1,0,1,42.1,20,1,4,0,0,0,8,8,8,8,8,8,8,5,8,5,4,5,5,8,2,2,5,5,2,1,1,2,5,8,8,7,6,7,7,8,2,2,2,2,2,2,2,2,2,2,2,2,2,2,2,1,2,2,3.9204705882
101,1,0,0,2950,282,40.29,7.76,10,7.19,1,0,1,1,33,41.71,1,42.3,17,0,6.57,3.75,4.75,5.75,3,6,6.67,4.67,1.56,0,1.11,1.18,0.06,-0.2,0.23,-0.85,0,0,0,0,0,0,0,0,0,0,0,0,1,42.3,17,3,0,0,0,0,6,7,7,5,7,8,6,3,4,5,5,6,7,4,2,2,7,5,6,5,1,1,7,4,4,4,5,2,5,4,2,2,2,2,2,1,1,1,3,2,2,2,2,2,1,0,0,1,3.2888235294
103,0,1,1,3510,287,41,52.18,10,7.26,0,0,1,4,36,43.14,1,45.6,34,0,8.86,2,2.5,4,2.67,8,8.83,8.33,1.78,0,3.33,-1.71,-1.18,1.01,1.31,1.18,0,0,1,1,0,0,0,0,0,1,0,0,1,45.6,34,4,0,0,0,0,9,9,8,9,9,9,9,5,6,8,8,4,4,1,1,2,7,0,0,1,1,2,5,8,8,8,9,8,9,0,2,2,0,2,2,2,2,2,2,2,2,2,2,2,2,1,1,2,3.9707058824
107,0,0,1,3376,275,39.29,68.31,10,7.21,0,0,1,1,35,42.86,1,43.1,27,0,3.71,1.5,1.5,2,2.67,8,3.33,4.67,1,0,-1.67,-2.99,-2.6,1.01,-1.44,-0.85,0,1,1,1,0,1,0,0,1,1,1,0,1,43.1,27,4,0,0,0,0,3,3,1,5,4,4,6,4,6,2,1,2,3,1,1,1,3,0,0,1,1,2,5,3,5,5,9,5,5,0,2,2,0,2,2,2,2,0,2,0,0,0,1,1,0,0,0,2,2.4816470588
110,0,0,1,1789,218,31.14,82.11,10,7.17,0,0,1,4,33,41,0,0,0,7.67,3.67,5.75,3.5,2.25,4.33,6.33,3.8,3,0,0.74,-1.71,-0.42,-2.42,0,-1.21,-1.78,0,1,0,1,0,1,1,0,1,0,1,0,1,41.4,70,0,8,7,0,8,7,3,3,3,0,3,3,7,5,5,6,7,8,5,7,3,5,2,1,1,6,2,5,3,3,3,2,3,4,5,3,3,0,2,1,2,1,1,2,1,2,0,2,1,1,0,0,2,3.7517647059
115,0,1,0,3980,285,40.71,92.59,10,7.13,0,0,1,2,30,43,0,0,0,0,6.43,2.75,3.25,6,2.67,8,6.5,6.33,0,0,0.97,-0.74,0.24,1.01,0.15,0.07,0,0,0,0,0,0,0,0,0,0,0,0,1,41.5,8,0,0,0,0,0,5,7,6,7,7,7,6,5,6,7,9,4,5,3,1,2,7,7,9,1,1,2,5,7,6,7,9,7,9,0,2,2,0,2,2,2,2,0,2,2,2,0,2,0,1,1,0,2,3.3191764706
116,0,1,0,3450,287,41,35.3,10,7.22,0,0,1,3,37,43.86,1,43.5,19,5,5.67,5.25,4.25,2.75,2.67,8,6,3.33,1.67,-1.58,0.23,0.54,-2.06,1.01,-0.11,-1.59,1,0,0,1,0,0,1,0,0,0,1,0,1,43.5,19,1,5,0,0,0,5,5,0,6,8,6,4,5,7,7,7,7,6,7,5,3,5,4,1,1,1,2,5,3,3,4,5,5,4,6,2,2,0,2,2,2,2,2,2,2,2,2,2,2,1,1,0,2,3.3121176471
124,0,1,0,3280,281,40.14,31.66,10,7.21,0,0,1,3,32,42.71,1,43.4,25,7.5,3.33,2.5,3.75,4.5,2.67,8,3,3.67,1.78,0.59,-2.04,-0.1,-0.82,1.01,-1.61,-1.41,0,1,0,0,0,1,1,0,1,0,0,0,1,43.4,25,1,8,0,0,7,0,0,0,0,3,3,4,5,7,6,6,7,4,1,3,2,7,5,5,1,1,2,5,4,3,4,7,3,3,7,2,2,2,2,2,2,2,2,2,2,2,1,2,2,2,1,0,2,3.1261176471
125,1,0,0,1120,239,34.14,0,10,7.35,1,0,1,0,38,40.6,0,0,0,0,0,0,0,0,0,0,0,0,0,0,0,0,0,0,0,0,0,0,0,0,0,0,0,0,0,0,0,0,0,0,0,0,0,0,0,0,0,0,0,0,0,0,0,0,0,0,0,0,0,0,0,0,0,0,0,0,0,0,0,0,0,0,0,0,0,0,0,0,0,0,0,0,0,0,0,0,0,0,0,0,0,0,0,0,0
128,1,1,0,1450,262,37.43,0,8,7.3,1,0,1,4,28,44.43,1,44.1,49,0,6.29,3.75,5.25,3,3,6,6.33,5.33,1.72,0,0.83,1.82,-1.89,-0.2,0.06,-0.49,0,0,0,1,0,0,0,0,0,0,1,0,1,44.1,49,4,0,0,0,0,4,6,7,7,7,7,6,7,3,8,5,7,6,5,2,2,2,4,5,1,4,2,3,5,5,5,6,6,6,6,3,3,0,3,1,2,2,1,3,2,2,1,2,2,1,0,0,3,3.7752941176
131,1,1,0,1800,256,36.57,0.04,10,7.17,1,0,1,4,38,41.14,1,39.6,25,5.25,7.57,4.25,5.25,5.5,1.5,9,7.5,8,1.89,-1.37,2.08,1.82,-0.11,1.62,0.65,0.99,1,0,0,0,0,0,0,0,0,0,0,0,1,39.6,25,2,4,5,4,8,7,7,7,7,8,9,8,8,8,8,7,7,6,5,4,2,7,5,9,1,1,2,0,8,8,8,8,7,8,8,2,2,2,2,2,2,2,3,3,2,2,2,2,2,1,1,0,2,4.3881176471
132,0,1,1,2605,267,38.14,15.65,10,6.89,1,0,2,0,39,40.6,0,0,0,0,5.71,3.25,4.5,3.5,2,7,5.83,4,0,0,0.28,0.86,-1.53,0.41,-0.19,-1.22,0,0,0,1,0,0,1,0,0,0,0,0,1,39.5,12,1,0,0,0,0,5,5,3,6,8,8,5,3,5,5,5,2,4,4,3,2,6,0,0,1,1,2,3,4,3,3,4,8,4,4,2,2,2,1,2,2,1,0,0,0,2,1,2,2,1,1,0,2,2.6929411765
138,1,1,0,1310,243,34.71,0,10,7.16,1,0,1,4,35,39.86,1,40.6,44,7,4,3.5,3.75,4.25,3,4.67,7,1,2.44,0.16,-1.39,-0.1,-1,-1.01,0.4,-2.88,0,1,0,1,1,0,1,0,0,0,0,0,1,40.6,44,1,8,8,6,6,7,0,0,0,0,0,1,7,2,0,7,7,2,4,5,3,1,5,8,3,6,2,1,1,1,2,1,2,2,4,3,3,2,3,2,2,3,3,3,0,3,3,3,3,0,0,0,3,3.2516470588
142,1,1,1,2170,262,37.43,1.05,10,7.15,1,0,3,2,38,41.57,1,43,40,0,6.29,4,3.75,4.75,4.33,6.33,6.33,5,1.72,0,0.83,-0.1,-0.65,0,0.06,-0.67,0,0,0,0,0,0,0,0,0,0,0,0,1,43,40,3,0,0,0,0,6,6,5,7,7,7,6,5,5,8,7,5,8,2,4,2,6,5,5,3,6,2,5,4,5,5,5,5,6,7,2,2,1,2,2,2,2,1,2,2,2,2,2,2,1,0,2,2,3.7525882353
